2015,PETACCHI Alessandro,Omega Pharma - Quick-Step,Southeast,274,69
2015,CUNEGO Damiano,Lampre - Merida,Nippo - Vini Fantini,363,359
2015,BOASSON HAGEN Edvald,Team Sky,MTN - Qhubeka,445,1023
2015,MOLLEMA Bauke,Belkin-Pro Cycling Team,Trek Factory Racing,1156,1145
2015,BASSO Ivan,Cannondale,Tinkoff - Saxo,149,58
2015,SÁNCHEZ Luis León,Caja Rural - Seguros RGA,Astana Pro Team,461,388
2015,VIVIANI Elia,Cannondale,Team Sky,593,681
2015,BOUHANNI Nacer,FDJ.fr,Cofidis,1198,1139
2015,WIGGINS Bradley,Team Sky,Team Wiggins,716,161
2015,FARRAR Tyler,Garmin Sharp,MTN - Qhubeka,636,182
2015,HORNER Chris,Lampre - Merida,Airgas Safeway Cycling,253,129
2015,ROCHE Nicolas,Tinkoff - Saxo,Team Sky,427,376
2015,POELS Wout,Omega Pharma - Quick-Step,Team Sky,393,603
2015,FÉDRIGO Pierrick,FDJ.fr,Bretagne - Séché Environnement,118,443
2015,WEGMANN Fabian,Garmin Sharp,Cult Energy Pro Cycling,140,121
2015,GASPAROTTO Enrico,Astana Pro Team,Wanty - Groupe Gobert,281,269
2015,GAVAZZI Francesco,Astana Pro Team,Southeast,305,357
2015,MARCATO Marco,Cannondale,Wanty - Groupe Gobert,247,518
2015,BRAJKOVIČ Janez,Astana Pro Team,UnitedHealthcare Pro Cycling Team,157,124
2015,GROENEWEGEN Dylan,Cyclingteam de Rijke,Roompot - Oranje Peloton,97,307
2015,CARUSO Damiano,Cannondale,BMC Racing Team,598,386
2015,LÓPEZ Miguel Ángel,,Astana Pro Team,31,287
2015,BAKELANTS Jan,Omega Pharma - Quick-Step,AG2R La Mondiale,463,979
2015,NAESEN Oliver,Cibel,Topsport Vlaanderen - Baloise,127,437
2015,NAESEN Oliver,Lotto Belisol,Topsport Vlaanderen - Baloise,127,437
2015,SCHUMACHER Stefan,Christina Watches - Kuma,CCC Sprandi Polkowice,57,49
2015,BOOM Lars,Belkin-Pro Cycling Team,Astana Pro Team,451,330
2015,ZAKARIN Ilnur,RusVelo,Team Katusha,401,782
2015,LAMPAERT Yves,Topsport Vlaanderen - Baloise,Etixx - Quick Step,276,676
2015,WOODS Michael,5-hour Energy,Optum p/b Kelly Benefit Strategies,32,259
2015,TAARAMÄE Rein,Cofidis, Solutions Crédits,328,624
2015,GUSEV Vladimir,Team Katusha,Skydive Dubai Pro Cycling Team - Al Ahli Club,101,34
2015,HUTAROVICH Yauheni,AG2R La Mondiale,Bretagne - Séché Environnement,606,416
2015,GOSS Matthew,Orica GreenEDGE,MTN - Qhubeka,80,11
2015,BOLE Grega,Vini Fantini Nippo,CCC Sprandi Polkowice,520,444
2015,MACHADO Tiago,Team NetApp – Endura,Team Katusha,638,447
2015,PLAZA Rubén,Movistar Team,Lampre - Merida,100,375
2015,BENNETT George,Cannondale,Team LottoNL-Jumbo,132,189
2015,DEVENYNS Dries,Team Giant - Shimano,IAM Cycling,137,136
2015,HIVERT Jonathan,Belkin-Pro Cycling Team,Bretagne - Séché Environnement,135,305
2015,KÜNG Stefan,,BMC Racing Team,159,353
2015,SCHACHMANN Maximilian,Development Team Giant-Shimano,AWT-GreenWay,17,20
2015,BELLETTI Manuel,Androni Giocattoli - Venezuela,Southeast,229,408
2015,GERDEMANN Linus,MTN - Qhubeka,Cult Energy Pro Cycling,74,349
2015,KONRAD Patrick,Team Gourmetfein Simplon Wels,Bora - Argon 18,175,223
2015,LAGUTIN Sergey,RusVelo,Team Katusha,359,278
2015,BUCHMANN Emanuel,Rad-Net Rose Team,Bora - Argon 18,45,148
2015,FORMOLO Davide,Cannondale,Team Cannondale - Garmin,484,309
2015,DE GENDT Thomas,Omega Pharma - Quick-Step,Lotto Soudal,97,86
2015,SZMYD Sylwester,Movistar Team,CCC Sprandi Polkowice,85,132
2015,PASQUALON Andrea,Area Zero Pro Team,Roth - Skoda,204,311
2015,CATALDO Dario,Team Sky,Astana Pro Team,329,217
2015,VAN ASBROECK Tom,Topsport Vlaanderen - Baloise,Team LottoNL-Jumbo,1074,363
2015,STEEGMANS Gert,Omega Pharma - Quick-Step,Trek Factory Racing,187,5
2015,COPPEL Jérôme,Cofidis, Solutions Crédits,228,201
2015,PARDILLA Sergio,MTN - Qhubeka,Caja Rural - Seguros RGA,249,77
2015,MOHORIČ Matej,Cannondale,Team Cannondale - Garmin,50,66
2015,CHICCHI Francesco,Neri Sottoli,Androni Giocattoli - Sidermec,169,52
2015,GATTO Oscar,Cannondale,Androni Giocattoli - Sidermec,210,253
2015,KIŠERLOVSKI Robert,Trek Factory Racing,Tinkoff - Saxo,435,205
2015,JANSE VAN RENSBURG Reinardt,Team Giant - Shimano,MTN - Qhubeka,207,197
2015,DE LA CRUZ David,Team NetApp – Endura,Etixx - Quick Step,111,149
2015,TEUNISSEN Mike,Rabobank Development Team,Team LottoNL-Jumbo,167,245
2015,CARTHY Hugh,Rapha Condor JLT,Caja Rural - Seguros RGA,186,94
2015,BOUET Maxime,AG2R La Mondiale,Etixx - Quick Step,147,195
2015,BRUTT Pavel,Team Katusha,Tinkoff - Saxo,118,140
2015,VANSUMMEREN Johan,Garmin Sharp,AG2R La Mondiale,94,53
2015,KÖNIG Leopold,Team NetApp – Endura,Team Sky,558,550
2015,CLEMENT Stef,Belkin-Pro Cycling Team,IAM Cycling,174,100
2015,BODNAR Maciej,Cannondale,Tinkoff - Saxo,179,388
2015,PAUWELS Serge,Omega Pharma - Quick-Step,MTN - Qhubeka,81,405
2015,VAN STAEYEN Michael,Topsport Vlaanderen - Baloise,Cofidis,356,175
2015,MARECZKO Jakub,,Southeast,15,427
2015,MORABITO Steve,BMC Racing Team,FDJ,261,170
2015,BETTIOL Alberto,Cannondale,Team Cannondale - Garmin,23,86
2015,HOOGERLAND Johnny,Androni Giocattoli - Venezuela,Roompot - Oranje Peloton,60,35
2015,BOS Theo,Belkin-Pro Cycling Team,MTN - Qhubeka,611,5
2015,BARBERO Carlos,Euskadi,Caja Rural - Seguros RGA,180,303
2015,VAN GENECHTEN Jonas,Lotto Belisol,IAM Cycling,502,223
2015,NORDHAUG Lars Petter,Belkin-Pro Cycling Team,Team Sky,235,278
2015,DE MARCHI Alessandro,Cannondale,BMC Racing Team,323,200
2015,CANOLA Marco,Bardiani - CSF Pro Team,UnitedHealthcare Pro Cycling Team,181,130
2015,ASKARI Hossein,Ayandeh Continental Team,Pishgaman Giant Team,22,371
2015,MERLIER Tim,Sunweb - Napoleon Games Cycling Team,Pauwels - Vastgoedservice,4,54
2015,ROSA Diego,Androni Giocattoli - Venezuela,Astana Pro Team,110,499
2015,PRADES Eduard,Matrix Powertag,Caja Rural - Seguros RGA,97,267
2015,MOSER Moreno,Cannondale,Team Cannondale - Garmin,90,242
2015,MEURISSE Xandro,Lotto Belisol,An Post - Chain Reaction,7,66
2015,PANTANO Jarlinson,Team Colombia,IAM Cycling,165,389
2016,CAVENDISH Mark,Etixx - Quick Step,Team Dimension Data,959,1263
2016,MARTIN Dan,Team Cannondale - Garmin,Etixx - Quick Step,618,1125
2016,CHAVANEL Sylvain,IAM Cycling,Direct Energie,355,420
2016,PORTE Richie,Team Sky,BMC Racing Team,1357,1185
2016,URÁN Rigoberto,Etixx - Quick Step,Cannondale Pro Cycling Team,1277,713
2016,ROGLIČ Primož,Adria Mobil,Team LottoNL-Jumbo,451,457
2016,KWIATKOWSKI Michał,Etixx - Quick Step,Team Sky,1053,623
2016,MORENO Daniel,Team Katusha,Movistar Team,1165,536
2016,POZZATO Filippo,Lampre - Merida,Wilier - Southeast,158,343
2016,KITTEL Marcel,Team Giant - Alpecin,Etixx - Quick Step,123,1274
2016,HORNER Chris,Airgas Safeway Cycling,Lupus Racing Team,129,23
2016,NOCENTINI Rinaldo,AG2R La Mondiale,Sporting Clube de Portugal/Tavira,194,157
2016,LANDA Mikel,Astana Pro Team,Team Sky,969,431
2016,WEGMANN Fabian,Cult Energy Pro Cycling,Stölting Service Group,121,90
2016,BRESCHEL Matti,Tinkoff - Saxo,Cannondale Pro Cycling Team,454,102
2016,GAVAZZI Francesco,Southeast,Androni Giocattoli - Sidermec,357,655
2016,HESJEDAL Ryder,Team Cannondale - Garmin,Trek - Segafredo,493,67
2016,KOLOBNEV Alexandr,Team Katusha,Gazprom-RusVelo,24,67
2016,GROENEWEGEN Dylan,Roompot - Oranje Peloton,Team LottoNL-Jumbo,307,1058
2016,ANTÓN Igor,Movistar Team,Team Dimension Data,216,183
2016,NAESEN Oliver,Topsport Vlaanderen - Baloise,IAM Cycling,437,692
2016,ROLLAND Pierre,Team Europcar,Cannondale Pro Cycling Team,590,366
2016,SCHUMACHER Stefan,CCC Sprandi Polkowice,Christina Jewelry Pro Cycling,49,80
2016,VAN DEN BROECK Jurgen,Lotto Soudal,Team Katusha,346,118
2016,FEILLU Romain,Bretagne - Séché Environnement,HP BTP - Auber93,202,326
2016,EISEL Bernhard,Team Sky,Team Dimension Data,56,40
2016,CIOLEK Gerald,MTN - Qhubeka,Stölting Service Group,130,33
2016,JUNGELS Bob,Trek Factory Racing,Etixx - Quick Step,517,843
2016,WOODS Michael,Optum p/b Kelly Benefit Strategies,Cannondale Pro Cycling Team,259,357
2016,WEENING Pieter,Orica GreenEDGE,Roompot - Oranje Peloton,179,316
2016,TAARAMÄE Rein,Astana Pro Team,Team Katusha,624,291
2016,CARAPAZ Richard,,Strongman-Campagnolo Wilier,16,1
2016,BOLE Grega,CCC Sprandi Polkowice,Nippo - Vini Fantini,444,320
2016,PLAZA Rubén,Lampre - Merida,Orica GreenEDGE,375,55
2016,MARTIN Guillaume,FDJ.fr,Wanty - Groupe Gobert,44,200
2016,BOŽIČ Borut,Astana Pro Team,Cofidis,137,61
2016,CLARKE Simon,Orica GreenEDGE,Cannondale Pro Cycling Team,249,206
2016,VAN POPPEL Danny,Trek Factory Racing,Team Sky,648,424
2016,SIUTSOU Kanstantsin,Team Sky,Team Dimension Data,244,308
2016,DUPONT Timothy,Roubaix Lille Métropole,Verandas Willems Cycling Team,212,882
2016,RENSHAW Mark,Etixx - Quick Step,Team Dimension Data,86,255
2016,FINETTO Mauro,Southeast,Unieuro Wilier,360,367
2016,GERDEMANN Linus,Cult Energy Pro Cycling,Stölting Service Group,349,25
2016,MEZGEC Luka,Team Giant - Alpecin,Orica GreenEDGE,235,164
2016,SØRENSEN Chris Anker,Tinkoff - Saxo,Fortuneo - Vital Concept,216,121
2016,PLANCKAERT Baptiste,Roubaix Lille Métropole,Wallonie - Bruxelles,443,1017
2016,BETANCUR Carlos,AG2R La Mondiale,Movistar Team,177,69
2016,DEHAES Kenny,Lotto Soudal,Wanty - Groupe Gobert,102,490
2016,TEN DAM Laurens,Team LottoNL-Jumbo,Team Giant - Alpecin,65,88
2016,INTXAUSTI Beñat,Movistar Team,Team Sky,559,67
2016,THEUNS Edward,Topsport Vlaanderen - Baloise,Trek - Segafredo,958,433
2016,MEINTJES Louis,MTN - Qhubeka,Lampre - Merida,662,580
2016,MOHORIČ Matej,Team Cannondale - Garmin,Lampre - Merida,66,192
2016,PEDERSEN Mads,Cult Energy Pro Cycling,Stölting Service Group,120,155
2016,MOSCON Gianni,,Team Sky,87,459
2016,GATTO Oscar,Androni Giocattoli - Sidermec,Tinkoff,253,253
2016,GAUTIER Cyril,Team Europcar,AG2R La Mondiale,189,167
2016,BONIFAZIO Niccolò,Lampre - Merida,Trek - Segafredo,526,370
2016,KRAGH ANDERSEN Søren,Team Trefor - Blue Water,Team Giant - Alpecin,219,159
2016,PONZI Simone,Southeast,CCC Sprandi Polkowice,484,64
2016,HAAS Nathan,Team Cannondale - Garmin,Team Dimension Data,186,275
2016,ARASHIRO Yukiya,Team Europcar,Lampre - Merida,212,206
2016,RUBIANO Miguel Angel,Team Colombia,China Continental Team of Gansu Bank,202,45
2016,MØRKØV Michael,Tinkoff - Saxo,Team Katusha,105,131
2016,MIZBANI Ghader,Tabriz Petrochemical Team,Tabriz Shahrdari Team,78,170
2016,CAPECCHI Eros,Movistar Team,Astana Pro Team,30,96
2016,OLIVEIRA Nelson,Lampre - Merida,Movistar Team,419,304
2016,TROFIMOV Yuri,Team Katusha,Tinkoff,373,47
2016,GEOGHEGAN HART Tao,Team Sky,Axeon Hagens Berman,130,193
2016,REICHENBACH Sébastien,IAM Cycling,FDJ,208,631
2016,RUTKIEWICZ Marek,CCC Sprandi Polkowice,Wibatech Fuji,62,86
2016,PETIT Adrien,Cofidis, Solutions Crédits,54,393
2016,CALMEJANE Lilian,,Direct Energie,47,310
2016,VAITKUS Tomas,Rietumu - Delfin,NASR-DUBAI,60,106
2016,MEYER Cameron,Orica GreenEDGE,Team Dimension Data,223,75
2016,MARTÍNEZ Daniel Felipe,Team Colombia,Wilier - Southeast,65,81
2016,BATTAGLIN Enrico,Bardiani - CSF Pro Team,Team LottoNL-Jumbo,163,140
2016,SKUJIŅŠ Toms,Hincapie Racing Team,Cannondale Pro Cycling Team,170,119
2016,OOMEN Sam,Rabobank Development Team,Team Giant - Alpecin,148,294
2016,GROßSCHARTNER Felix,Team Felbermayr - Simplon Wels,CCC Sprandi Polkowice,60,125
2016,GROßSCHARTNER Felix,Tinkoff - Saxo,CCC Sprandi Polkowice,60,125
2016,ZAUGG Oliver,Tinkoff - Saxo,IAM Cycling,17,46
2016,POLITT Nils,Team Stölting,Team Katusha,70,181
2016,CICCONE Giulio,,Bardiani - CSF,19,184
2016,CAMPENAERTS Victor,Topsport Vlaanderen - Baloise,Team LottoNL-Jumbo,341,125
2016,MEURISSE Xandro,An Post - Chain Reaction,Crelan - Vastgoedservice,66,345
2016,WALLAYS Jelle,Topsport Vlaanderen - Baloise,Lotto Soudal,384,197
2016,KONOVALOVAS Ignatas,Team Marseille 13 KTM,FDJ,315,95
2016,BLYTHE Adam,Orica GreenEDGE,Tinkoff,88,154
2016,KUMP Marko,Adria Mobil,Lampre - Merida,531,165
2016,CLAEYS Dimitri,Verandas Willems Cycling Team,Wanty - Groupe Gobert,421,395
2016,TXURRUKA Amets,Caja Rural - Seguros RGA,Orica GreenEDGE,390,54
2016,SANTAROMITA Ivan,Orica GreenEDGE,Skydive Dubai Pro Cycling Team - Al Ahli Club,167,55
2017,REBELLIN Davide,CCC Sprandi Polkowice,Kuwait - Cartucho.es,300,126
2017,SAGAN Peter,Tinkoff,BORA - hansgrohe,3315,2186
2017,GILBERT Philippe,BMC Racing Team,Quick-Step Floors,629,1504
2017,NIBALI Vincenzo,Astana Pro Team,Bahrain Merida Pro Cycling Team,1178,1739
2017,CONTADOR Alberto,Tinkoff,Trek - Segafredo,1595,1637
2017,DEGENKOLB John,Team Giant - Alpecin,Trek - Segafredo,585,1012
2017,MARTIN Tony,Etixx - Quick Step,Team Katusha Alpecin,683,506
2017,MATTHEWS Michael,ORICA-BikeExchange,Team Sunweb,1156,1734
2017,BENNATI Daniele,Tinkoff,Movistar Team,484,217
2017,VISCONTI Giovanni,Movistar Team,Bahrain Merida Pro Cycling Team,774,641
2017,MANCEBO Francisco,Skydive Dubai Pro Cycling Team - Al Ahli Club,Hangar 15 Bicycles,276,21
2017,KREUZIGER Roman,Tinkoff,ORICA-Scott,602,283
2017,MAJKA Rafał,Tinkoff,BORA - hansgrohe,1005,996
2017,PELLIZOTTI Franco,Androni Giocattoli - Sidermec,Bahrain Merida Pro Cycling Team,108,168
2017,IZAGIRRE Ion,Movistar Team,Bahrain Merida Pro Cycling Team,1325,839
2017,KELDERMAN Wilco,Team LottoNL-Jumbo,Team Sunweb,772,1000
2017,COLBRELLI Sonny,Bardiani - CSF,Bahrain Merida Pro Cycling Team,1183,1104
2017,SEVILLA Óscar,EPM-UNE-Área Metropolitana,Medellin - Inder,29,363
2017,ROCHE Nicolas,Team Sky,BMC Racing Team,485,657
2017,BRESCHEL Matti,Cannondale-Drapac Pro Cycling Team,Astana Pro Team,102,112
2017,VAN AERT Wout,Crelan - Vastgoedservice,Vérandas Willems-Crelan,254,456
2017,GASPAROTTO Enrico,Wanty - Groupe Gobert,Bahrain Merida Pro Cycling Team,557,91
2017,MARCATO Marco,Wanty - Groupe Gobert,UAE Team Emirates,352,148
2017,ELMIGER Martin,IAM Cycling,BMC Racing Team,208,72
2017,HAUSSLER Heinrich,IAM Cycling,Bahrain Merida Pro Cycling Team,329,60
2017,VANMARCKE Sep,Team LottoNL-Jumbo,Cannondale-Drapac Pro Cycling Team,749,561
2017,BRAJKOVIČ Janez,UnitedHealthcare Pro Cycling Team,Bahrain Merida Pro Cycling Team,112,75
2017,NAESEN Oliver,IAM Cycling,AG2R La Mondiale,692,936
2017,SCHUMACHER Stefan,Christina Jewelry Pro Cycling,Kuwait - Cartucho.es,80,35
2017,VAN DEN BROECK Jurgen,Team Katusha,Team LottoNL-Jumbo,118,27
2017,BOOM Lars,Astana Pro Team,Team LottoNL-Jumbo,188,431
2017,ACKERMANN Pascal,Rad-Net Rose Team,BORA - hansgrohe,200,128
2017,DEVOLDER Stijn,Trek - Segafredo,Vérandas Willems-Crelan,25,58
2017,SWIFT Ben,Team Sky,UAE Team Emirates,621,396
2017,FRANK Mathias,IAM Cycling,AG2R La Mondiale,322,360
2017,BILBAO Pello,Caja Rural - Seguros RGA,Astana Pro Team,421,262
2017,BOLE Grega,Nippo - Vini Fantini,Bahrain Merida Pro Cycling Team,320,117
2017,BOŽIČ Borut,Cofidis, Solutions Crédits,61,80
2017,DEVENYNS Dries,IAM Cycling,Quick-Step Floors,644,214
2017,SIUTSOU Kanstantsin,Team Dimension Data,Bahrain Merida Pro Cycling Team,308,75
2017,HIVERT Jonathan,Fortuneo - Vital Concept,Direct Energie,151,360
2017,SCHACHMANN Maximilian,Klein Constantia,Quick-Step Floors,98,150
2017,FINETTO Mauro,Unieuro Wilier,Delko Marseille Provence KTM,367,397
2017,SØRENSEN Chris Anker,Fortuneo - Vital Concept,Riwal Platform Cycling Team,121,33
2017,PLANCKAERT Baptiste,Wallonie - Bruxelles,Team Katusha Alpecin,1017,290
2017,LAGUTIN Sergey,Team Katusha,Gazprom-RusVelo,206,39
2017,MAS Enric,Klein Constantia,Quick-Step Floors,89,310
2017,PASQUALON Andrea,Team Roth,Wanty - Groupe Gobert,298,368
2017,VAN ASBROECK Tom,Team LottoNL-Jumbo,Cannondale-Drapac Pro Cycling Team,226,213
2017,NAVARDAUSKAS Ramūnas,Cannondale-Drapac Pro Cycling Team,Bahrain Merida Pro Cycling Team,291,49
2017,GENIEZ Alexandre,FDJ,AG2R La Mondiale,335,357
2017,PEDERSEN Mads,Stölting Service Group,Trek - Segafredo,155,398
2017,LOBATO Juan José,Movistar Team,Team LottoNL-Jumbo,421,305
2017,PHINNEY Taylor,BMC Racing Team,Cannondale-Drapac Pro Cycling Team,269,47
2017,BURGHARDT Marcus,BMC Racing Team,BORA - hansgrohe,98,157
2017,GATTO Oscar,Tinkoff,Astana Pro Team,253,210
2017,HENDERSON Gregory,Lotto Soudal,UnitedHealthcare Pro Cycling Team,105,4
2017,KIŠERLOVSKI Robert,Tinkoff,Team Katusha Alpecin,59,86
2017,BONIFAZIO Niccolò,Trek - Segafredo,Bahrain Merida Pro Cycling Team,370,274
2017,ARASHIRO Yukiya,Lampre - Merida,Bahrain Merida Pro Cycling Team,206,170
2017,RUBIANO Miguel Angel,China Continental Team of Gansu Bank,Equipo de ciclismo Coldeportes Zenu,45,13
2017,TEUNISSEN Mike,Team LottoNL-Jumbo,Team Sunweb,91,191
2017,MORENO Javier,Movistar Team,Bahrain Merida Pro Cycling Team,125,64
2017,CARTHY Hugh,Caja Rural - Seguros RGA,Cannondale-Drapac Pro Cycling Team,326,123
2017,CAPECCHI Eros,Astana Pro Team,Quick-Step Floors,96,68
2017,CIMOLAI Davide,Lampre - Merida,FDJ,176,188
2017,CHERNETSKI Sergei,Team Katusha,Astana Pro Team,333,262
2017,BOUET Maxime,Etixx - Quick Step,Fortuneo - Oscaro,155,211
2017,GUARDINI Andrea,Astana Pro Team,UAE Team Emirates,249,49
2017,BRUTT Pavel,Tinkoff,Gazprom-RusVelo,85,58
2017,TROFIMOV Yuri,Tinkoff,Caja Rural - Seguros RGA,47,30
2017,MOLARD Rudy,Cofidis, Solutions Crédits,163,204
2017,GEOGHEGAN HART Tao,Axeon Hagens Berman,Team Sky,193,283
2017,KÖNIG Leopold,Team Sky,BORA - hansgrohe,252,6
2017,CLEMENT Stef,IAM Cycling,Team LottoNL-Jumbo,359,182
2017,BODNAR Maciej,Tinkoff,BORA - hansgrohe,388,260
2017,MEYER Cameron,Team Dimension Data,Mitchelton Scott,75,235
2017,SARAMOTINS Aleksejs,IAM Cycling,BORA - hansgrohe,189,69
2017,BRÄNDLE Matthias,IAM Cycling,Trek - Segafredo,120,263
2017,ATAPUMA Darwin,BMC Racing Team,UAE Team Emirates,665,259
2017,CATTANEO Mattia,Lampre - Merida,Androni - Sidermec - Bottecchia,65,539
2017,BARBERO Carlos,Caja Rural - Seguros RGA,Movistar Team,277,457
2017,VAN GENECHTEN Jonas,IAM Cycling,Cofidis,400,175
2017,HARDY Romain,Cofidis, Solutions Crédits,165,456
2017,NORDHAUG Lars Petter,Team Sky,Aqua Blue Sport,118,5
2017,CANOLA Marco,UnitedHealthcare Pro Cycling Team,Nippo - Vini Fantini,120,761
2017,PICHON Laurent,FDJ,Fortuneo - Oscaro,116,459
2017,MERLIER Tim,Crelan - Vastgoedservice,Vérandas Willems-Crelan,120,94
2017,LIGTHART Pim,Lotto Soudal,Roompot - Nederlandse Loterij,199,287
2017,ROSA Diego,Astana Pro Team,Team Sky,530,156
2017,JANS Roy,Wanty - Groupe Gobert,WB Veranclassic Aqua Protect,356,337
2017,MOSER Moreno,Cannondale-Drapac Pro Cycling Team,Astana Pro Team,260,18
2017,HOFLAND Moreno,Team LottoNL-Jumbo,Lotto Soudal,329,288
2017,DE KORT Koen,Team Giant - Alpecin,Trek - Segafredo,120,124
2017,MEURISSE Xandro,Crelan - Vastgoedservice,Wanty - Groupe Gobert,345,407
2017,PANTANO Jarlinson,IAM Cycling,Trek - Segafredo,739,305
2018,KRISTOFF Alexander,Team Katusha Alpecin,UAE-Team Emirates,2075,1344
2018,MARTIN Dan,Quick-Step Floors,UAE-Team Emirates,1579,997
2018,VIVIANI Elia,Team Sky,Quick-Step Floors,1364,2212
2018,POZZOVIVO Domenico,AG2R La Mondiale,Bahrain Merida Pro Cycling Team,1074,1172
2018,MORENO Daniel,Movistar Team,Team EF Education First-Drapac p/b Cannondale,269,87
2018,GERRANS Simon,ORICA-Scott,BMC Racing Team,387,209
2018,KITTEL Marcel,Quick-Step Floors,Team Katusha Alpecin,1111,315
2018,LANDA Mikel,Team Sky,Movistar Team,1303,866
2018,GALLOPIN Tony,Lotto Soudal,AG2R La Mondiale,966,540
2018,TRENTIN Matteo,Quick-Step Floors,Mitchelton-Scott,1285,555
2018,BRESCHEL Matti,Astana Pro Team,Team EF Education First-Drapac p/b Cannondale,112,122
2018,ARU Fabio,Astana Pro Team,UAE-Team Emirates,1207,411
2018,ROELANDTS Jürgen,Lotto Soudal,BMC Racing Team,230,327
2018,BRAJKOVIČ Janez,Bahrain Merida Pro Cycling Team,Adria Mobil,75,21
2018,NIEVE Mikel,Team Sky,Mitchelton-Scott,508,430
2018,HERMANS Ben,BMC Racing Team,Israel Cycling Academy,509,528
2018,MODOLO Sacha,UAE Team Emirates,Team EF Education First-Drapac p/b Cannondale,665,442
2018,BARGUIL Warren,Team Sunweb,Team Fortuneo - Samsic,947,424
2018,TAARAMÄE Rein,Team Katusha Alpecin,Direct Energie,153,327
2018,IZAGIRRE Gorka,Movistar Team,Bahrain Merida Pro Cycling Team,519,750
2018,PLAZA Rubén,ORICA-Scott,Israel Cycling Academy,42,211
2018,VAN POPPEL Danny,Team Sky,Team LottoNL-Jumbo,300,769
2018,CASTROVIEJO Jonathan,Movistar Team,Team Sky,588,443
2018,KEUKELEIRE Jens,ORICA-Scott,Lotto Soudal,599,313
2018,BRAMBILLA Gianluca,Quick-Step Floors,Trek - Segafredo,182,468
2018,FORMOLO Davide,Cannondale-Drapac Pro Cycling Team,BORA - hansgrohe,256,788
2018,SLAGTER Tom-Jelte,Cannondale-Drapac Pro Cycling Team,Team Dimension Data,366,311
2018,THEUNS Edward,Trek - Segafredo,Team Sunweb,630,227
2018,VAN BAARLE Dylan,Cannondale-Drapac Pro Cycling Team,Team Sky,311,340
2018,MEINTJES Louis,UAE Team Emirates,Team Dimension Data,745,132
2018,OSS Daniel,BMC Racing Team,BORA - hansgrohe,210,136
2018,MOHORIČ Matej,UAE Team Emirates,Bahrain Merida Pro Cycling Team,419,937
2018,SERPA José Rodolfo,Lampre - Merida,GW - Shimano,6,5
2018,LOBATO Juan José,Team LottoNL-Jumbo,Nippo - Vini Fantini - Europa Ovini,305,263
2018,HAAS Nathan,Team Dimension Data,Team Katusha Alpecin,508,448
2018,BÁRTA Jan,BORA - hansgrohe,Elkov - Author Cycling Team,187,119
2018,DE LA CRUZ David,Quick-Step Floors,Team Sky,615,559
2018,MØRKØV Michael,Team Katusha Alpecin,Quick-Step Floors,99,253
2018,MORENO Javier,Bahrain Merida Pro Cycling Team,Delko Marseille Provence KTM,64,298
2018,SBARAGLI Kristian,Team Dimension Data,Israel Cycling Academy,201,244
2018,GUARDINI Andrea,UAE Team Emirates,Bardiani - CSF,49,242
2018,DILLIER Silvan,BMC Racing Team,AG2R La Mondiale,581,455
2018,BETTIOL Alberto,Cannondale-Drapac Pro Cycling Team,BMC Racing Team,349,63
2018,SKUJIŅŠ Toms,Cannondale-Drapac Pro Cycling Team,Trek - Segafredo,173,514
2018,MOINARD Amaël,BMC Racing Team,Team Fortuneo - Samsic,96,53
2018,DOWSETT Alex,Movistar Team,Team Katusha Alpecin,143,114
2018,CAMPENAERTS Victor,Team LottoNL-Jumbo,Lotto Soudal,276,434
2018,BOECKMANS Kris,Lotto Soudal,Vital Concept Cycling Club,20,40
2018,VILLELLA Davide,Cannondale-Drapac Pro Cycling Team,Astana Pro Team,268,279
2018,HERRADA José,Movistar Team,Cofidis,144,105
2018,KUMP Marko,UAE Team Emirates,CCC Sprandi Polkowice,236,53
2018,KENNAUGH Peter,Team Sky,BORA - hansgrohe,120,230
2018,SUTHERLAND Rory,Movistar Team,UAE-Team Emirates,150,40
2018,FRAILE Omar,Team Dimension Data,Astana Pro Team,279,362
2018,BAUER Jack,Quick-Step Floors,Mitchelton-Scott,151,145
2018,BEVIN Patrick,Cannondale-Drapac Pro Cycling Team,BMC Racing Team,170,427
2018,VALLS Rafael,Lotto Soudal,Movistar Team,243,30
2018,WIPPERT Wouter,Cannondale-Drapac Pro Cycling Team,Roompot - Nederlandse Loterij,278,281
2018,SINKELDAM Ramon,Team Sunweb,Groupama - FDJ,166,142
2018,REGUIGUI Youcef,Team Dimension Data,Sovac - Natura4Ever,76,179
2018,DE BIE Sean,Lotto Soudal,Vérandas Willems-Crelan,68,417
2018,KOREN Kristijan,Cannondale-Drapac Pro Cycling Team,Bahrain Merida Pro Cycling Team,49,82
2018,LE BON Johan,FDJ,Vital Concept Cycling Club,196,101
2018,VERMOTE Julien,Quick-Step Floors,Team Dimension Data,210,135
2018,MANZIN Lorrenzo,FDJ,Vital Concept Cycling Club,201,287
2018,EIKING Odd Christian,FDJ,Wanty - Groupe Gobert,231,207
2018,HOULE Hugo,AG2R La Mondiale,Astana Pro Team,152,236
2018,DOCKER Mitchell,ORICA-Scott,Team EF Education First-Drapac p/b Cannondale,167,69
2018,BYSTRØM Sven Erik,Team Katusha Alpecin,UAE-Team Emirates,119,121
2018,TEKLEHAIMANOT Daniel,Team Dimension Data,Cofidis,55,43
2018,PREIDLER Georg,Team Sunweb,Groupama - FDJ,79,248
2018,ENGER Sondre Holst,AG2R La Mondiale,Israel Cycling Academy,4,185
2018,REZA Kévin,FDJ,Vital Concept Cycling Club,85,61
2018,MENDES José,BORA - hansgrohe,Burgos-BH,55,77
2018,DE BACKER Bert,Team Sunweb,Vital Concept Cycling Club,49,56
2018,WAEYTENS Zico,Team Sunweb,Vérandas Willems-Crelan,39,50
2018,BOSWELL Ian,Team Sky,Team Katusha Alpecin,203,74
2018,GERTS Floris,BMC Racing Team,Roompot - Nederlandse Loterij,100,204
2018,VERVAEKE Louis,Lotto Soudal,Team Sunweb,106,41
2018,MULLEN Ryan,Cannondale-Drapac Pro Cycling Team,Trek - Segafredo,157,107
2018,CHEUNG King Lok,ORICA-Scott,HKSI Pro Cycling Team,27,42
2018,WELTEN Bram,BMC Racing Team,Team Fortuneo - Samsic,54,195
2018,ARCHBOLD Shane,BORA - hansgrohe,Aqua Blue Sport,26,54
2018,EYOB Metkel,Team Dimension Data,Terengganu Cycling Team,35,124
2018,SENNI Manuel,BMC Racing Team,Bardiani - CSF,312,17
2018,KANTER Max,Team Sunweb,Development Team Sunweb,25,148
2018,RUSSO Clément,AG2R La Mondiale,Team Fortuneo - Samsic,35,34
2018,KAMYSHEV Arman,Astana Pro Team,Vino - Astana Motors,19,18
2018,COURTEILLE Arnaud,FDJ,Vital Concept Cycling Club,64,16
2018,ZURLO Federico,UAE Team Emirates,MsTina-Focus,93,6
2018,BASSO Leonardo,Trek Factory Racing,Team Sky,2,184
2018,MÜLLER Patrick,BMC Racing Team,Vital Concept Cycling Club,34,52
2019,REBELLIN Davide,Sovac,Meridiana Kamen Team,52,11
2019,GREIPEL André,Lotto Soudal,Team Arkéa Samsic,759,358
2019,PORTE Richie,BMC Racing Team,Trek - Segafredo,776,698
2019,MARTIN Tony,Team Katusha Alpecin,Team Jumbo-Visma,221,232
2019,VISCONTI Giovanni,Bahrain Merida Pro Cycling Team,Neri Sottoli - Selle Italia - KTM,509,644
2019,MANCEBO Francisco,Inteja Dominican Cycling Team,Matrix Powertag,56,136
2019,KREUZIGER Roman,Mitchelton-Scott,Team Dimension Data,550,238
2019,TERPSTRA Niki,Quick-Step Floors,Direct Energie,1151,513
2019,VAN GARDEREN Tejay,BMC Racing Team,EF Education First,543,367
2019,IZAGIRRE Ion,Bahrain Merida Pro Cycling Team,Astana Pro Team,1251,933
2019,NIZZOLO Giacomo,Trek - Segafredo,Team Dimension Data,554,595
2019,ROCHE Nicolas,BMC Racing Team,Team Sunweb,258,255
2019,POGAČAR Tadej,Ljubljana Gusto Xaurum,UAE-Team Emirates,241,1440
2019,DENNIS Rohan,BMC Racing Team,Bahrain Merida,1004,746
2019,EWAN Caleb,Mitchelton-Scott,Lotto Soudal,716,1592
2019,VAN AERT Wout,Vérandas Willems-Crelan,Team Jumbo-Visma,557,860
2019,GASPAROTTO Enrico,Bahrain Merida Pro Cycling Team,Team Dimension Data,415,177
2019,ROELANDTS Jürgen,BMC Racing Team,Movistar Team,327,87
2019,CARUSO Damiano,BMC Racing Team,Bahrain Merida,737,312
2019,BAKELANTS Jan,AG2R La Mondiale,Team Sunweb,105,141
2019,ROLLAND Pierre,Team EF Education First-Drapac p/b Cannondale,Vital Concept - B&B Hotels,257,158
2019,BOOM Lars,Team LottoNL-Jumbo,Roompot - Charles,28,86
2019,BAK Lars Ytting,Lotto Soudal,Team Dimension Data,122,92
2019,DEVOLDER Stijn,Vérandas Willems-Crelan,Corendon - Circus,24,19
2019,SWIFT Ben,UAE-Team Emirates,Team Sky,40,205
2019,TEUNS Dylan,BMC Racing Team,Bahrain Merida,991,894
2019,GAVIRIA Fernando,Quick-Step Floors,UAE-Team Emirates,642,773
2019,IZAGIRRE Gorka,Bahrain Merida Pro Cycling Team,Astana Pro Team,750,531
2019,MACHADO Tiago,Team Katusha Alpecin,Sporting Clube de Portugal/Tavira,102,9
2019,KANGERT Tanel,Astana Pro Team,EF Education First,289,387
2019,KÜNG Stefan,BMC Racing Team,Groupama - FDJ,385,817
2019,SCHACHMANN Maximilian,Quick-Step Floors,BORA - hansgrohe,807,969
2019,PLANCKAERT Baptiste,Team Katusha Alpecin,Wallonie-Bruxelles,228,705
2019,VICHOT Arthur,Groupama - FDJ,Vital Concept - B&B Hotels,416,24
2019,DEBUSSCHERE Jens,Lotto Soudal,Team Katusha Alpecin,464,303
2019,TEN DAM Laurens,Team Sunweb,CCC Team,72,23
2019,INTXAUSTI Beñat,Team Sky,Euskadi Basque Country - Murias,9,3
2019,NAVARRO Daniel,Cofidis, Solutions Crédits,309,49
2019,GESCHKE Simon,Team Sunweb,CCC Team,231,140
2019,VAN ASBROECK Tom,Team EF Education First-Drapac p/b Cannondale,Israel Cycling Academy,115,600
2019,NAVARDAUSKAS Ramūnas,Bahrain Merida Pro Cycling Team,Delko Marseille Provence,113,33
2019,THEUNS Edward,Team Sunweb,Trek - Segafredo,227,428
2019,TUFT Svein,Mitchelton-Scott,Rally UHC Cycling,57,7
2019,GATTO Oscar,Astana Pro Team,BORA - hansgrohe,43,46
2019,GAUTIER Cyril,AG2R La Mondiale,Vital Concept - B&B Hotels,74,116
2019,BONIFAZIO Niccolò,Bahrain Merida Pro Cycling Team,Direct Energie,293,549
2019,BOOKWALTER Brent,BMC Racing Team,Mitchelton-Scott,259,106
2019,TEUNISSEN Mike,Team Sunweb,Team Jumbo-Visma,376,1237
2019,PHILIPSEN Jasper,Hagens Berman Axeon,UAE-Team Emirates,316,744
2019,CIMOLAI Davide,Groupama - FDJ,Israel Cycling Academy,77,583
2019,CHERNETSKI Sergei,Astana Pro Team,Caja Rural - Seguros RGA,502,107
2019,PAUWELS Serge,Team Dimension Data,CCC Team,225,105
2019,VAN STAEYEN Michael,Cofidis, Solutions Crédits,26,134
2019,SIEBERG Marcel,Lotto Soudal,Bahrain Merida,66,60
2019,MARECZKO Jakub,Wilier Triestina - Selle Italia,CCC Team,339,210
2019,BETTIOL Alberto,BMC Racing Team,EF Education First,63,667
2019,SARAMOTINS Aleksejs,BORA - hansgrohe,Interpro Cycling Academy,115,28
2019,BRÄNDLE Matthias,Trek - Segafredo,Israel Cycling Academy,60,295
2019,ATAPUMA Darwin,UAE-Team Emirates,Cofidis,63,78
2019,TURGIS Anthony,Cofidis, Solutions Crédits,121,707
2019,BATTAGLIN Enrico,Team LottoNL-Jumbo,Team Katusha Alpecin,345,123
2019,MERLIER Tim,Vérandas Willems-Crelan,Corendon - Circus,170,380
2019,MERLIER Tim,Vérandas Willems-Crelan,Pauwels sauzen - Vastgoedservice Continental Team,170,380
2019,LIGTHART Pim,Roompot - Nederlandse Loterij,Direct Energie,257,141
2019,PRADES Eduard,Euskadi - Murias,Movistar Team,818,421
2019,JANS Roy,Cibel - Cebon,Corendon - Circus,219,233
2019,HOFLAND Moreno,Lotto Soudal,EF Education First,94,65
2019,CICCONE Giulio,Bardiani - CSF,Trek - Segafredo,382,658
2019,BLYTHE Adam,Aqua Blue Sport,Lotto Soudal,206,14
2019,VANTOMME Maxime,WB Aqua Protect Veranclassic,Tarteletto - Isorex,76,17
2019,KUMP Marko,CCC Sprandi Polkowice,Adria Mobil,53,169
2019,KUDUS Merhawi,Team Dimension Data,Astana Pro Team,236,383
2019,HIRSCHI Marc,Development Team Sunweb,Team Sunweb,248,528
2019,HIGUITA Sergio,Fundación Euskadi,EF Education First,88,965
2019,HIGUITA Sergio,Manzana Postobon,Fundación Euskadi,88,965
2019,GROSU Eduard-Michael,Nippo - Vini Fantini - Europa Ovini,Delko Marseille Provence,295,382
2019,BARBIER Rudy,AG2R La Mondiale,Israel Cycling Academy,97,246
2019,KREDER Michel,Aqua Blue Sport,Ningxia Sports Lottery - Livall Cycling Team,62,14
2019,SMITH Dion,Wanty - Groupe Gobert,Mitchelton-Scott,351,224
2019,LAMMERTINK Maurits,Team Katusha Alpecin,Roompot - Charles,172,229
2019,PELUCCHI Matteo,BORA - hansgrohe,Androni Giocattoli - Sidermec,177,256
2019,ABERASTURI Jon,Euskadi - Murias,Caja Rural - Seguros RGA,271,266
2019,MONTAGUTI Matteo,AG2R La Mondiale,Androni Giocattoli - Sidermec,60,99
2019,GUERREIRO Ruben,Trek - Segafredo,Team Katusha Alpecin,451,403
2019,BUTS Vitaliy,Team Hurom,Kyiv Capital Team,19,92
2019,TRATNIK Jan,CCC Sprandi Polkowice,Bahrain Merida,492,218
2019,GANNA Filippo,UAE-Team Emirates,Team Sky,113,386
2019,POURSEYEDI Mirsamad,Tabriz Shahrdary Team,Omidnia Mashhad Team,37,16
2019,ZOIDL Riccardo,Team Felbermayr - Simplon Wels,CCC Team,244,117
2019,WIPPERT Wouter,Roompot - Nederlandse Loterij,EvoPro Racing,281,156
2019,DUIJN Huub,Vérandas Willems-Crelan,Roompot - Charles,311,120
2019,BAUHAUS Phil,Team Sunweb,Bahrain Merida,219,251
2019,MADRAZO Ángel,Delko Marseille Provence KTM,Burgos-BH,104,144
2020,GILBERT Philippe,Deceuninck - Quick Step,Lotto Soudal,911,191
2020,NIBALI Vincenzo,Bahrain Merida,Trek - Segafredo,968,764
2020,GREIPEL André,Team Arkéa Samsic,Israel Start-Up Nation,358,64
2020,CAVENDISH Mark,Team Dimension Data,Bahrain - McLaren,27,13
2020,QUINTANA Nairo,Movistar Team,Team Arkéa Samsic,1292,747
2020,MARTIN Dan,UAE-Team Emirates,Israel Start-Up Nation,708,787
2020,DEGENKOLB John,Trek - Segafredo,Lotto Soudal,606,405
2020,VIVIANI Elia,Deceuninck - Quick Step,Cofidis,1863,360
2020,POZZOVIVO Domenico,Bahrain Merida,NTT Pro Cycling,475,227
2020,DUMOULIN Tom,Team Sunweb,Team Jumbo-Visma,372,615
2020,BOUHANNI Nacer,Cofidis, Solutions Crédits,294,538
2020,POELS Wout,Team INEOS,Bahrain - McLaren,865,405
2020,LANDA Mikel,Movistar Team,Bahrain - McLaren,998,763
2020,TRENTIN Matteo,Mitchelton-Scott,CCC Team,1564,434
2020,DENNIS Rohan,Bahrain Merida,Team INEOS,746,452
2020,BENNETT Sam,BORA - hansgrohe,Deceuninck - Quick Step,1230,1068
2020,BAKELANTS Jan,Team Sunweb,Circus - Wanty Gobert,141,143
2020,BENOOT Tiesj,Lotto Soudal,Team Sunweb,1067,514
2020,MODOLO Sacha,EF Education First,Alpecin-Fenix,84,18
2020,ZAKARIN Ilnur,Team Katusha Alpecin,CCC Team,519,207
2020,SIMON Julien,Cofidis, Solutions Crédits,365,104
2020,WEENING Pieter,Roompot - Charles,Trek - Segafredo,203,25
2020,CARAPAZ Richard,Movistar Team,Team INEOS,984,1113
2020,BILBAO Pello,Astana Pro Team,Bahrain - McLaren,573,646
2020,MACHADO Tiago,Sporting Clube de Portugal/Tavira,Efapel,9,2
2020,MARTIN Guillaume,Wanty - Gobert Cycling Team,Cofidis,993,1165
2020,FELLINE Fabio,Trek - Segafredo,Astana Pro Team,184,196
2020,VAN POPPEL Danny,Team Jumbo-Visma,Circus - Wanty Gobert,335,271
2020,KEUKELEIRE Jens,Lotto Soudal,EF Pro Cycling,520,164
2020,MAS Enric,Deceuninck - Quick Step,Movistar Team,871,719
2020,FORMOLO Davide,BORA - hansgrohe,UAE-Team Emirates,698,308
2020,DEBUSSCHERE Jens,Team Katusha Alpecin,B&B Hotels - Vital Concept p/b KTM,303,9
2020,SLAGTER Tom-Jelte,Team Dimension Data,B&B Hotels - Vital Concept p/b KTM,268,18
2020,VANENDERT Jelle,Lotto Soudal,Bingoal - Wallonie Bruxelles,153,95
2020,NAVARRO Daniel,Team Katusha Alpecin,Israel Start-Up Nation,49,61
2020,CATALDO Dario,Astana Pro Team,Movistar Team,250,81
2020,LOBATO Juan José,Nippo Vini Fantini Faizanè,Fundación - Orbea,106,78
2020,HAAS Nathan,Team Katusha Alpecin,Cofidis,82,150
2020,DE LA CRUZ David,Team INEOS,UAE-Team Emirates,239,365
2020,AMADOR Andrey,Movistar Team,Team INEOS,205,48
2020,SBARAGLI Kristian,Israel Cycling Academy,Alpecin-Fenix,366,85
2020,CAPECCHI Eros,Deceuninck - Quick Step,Bahrain - McLaren,111,27
2020,CHERNETSKI Sergei,Caja Rural - Seguros RGA,Gazprom - RusVelo,107,79
2020,GUARDINI Andrea,Bardiani - CSF,Giotti Victoria,113,26
2020,VLASOV Aleksandr,Gazprom-RusVelo,Astana Pro Team,514,1023
2020,RUTKIEWICZ Marek,Wibatech Merx 7R,Mazowsze Serce Polski,22,31
2020,VAN STAEYEN Michael,Roompot - Charles,Tarteletto - Isorex,134,42
2020,CATTANEO Mattia,Androni Giocattoli - Sidermec,Deceuninck - Quick Step,411,174
2020,BATTAGLIN Enrico,Team Katusha Alpecin,Bahrain - McLaren,123,149
2020,BARBERO Carlos,Movistar Team,NTT Pro Cycling,285,122
2020,CANOLA Marco,Nippo Vini Fantini Faizanè,Gazprom - RusVelo,209,35
2020,ROSA Diego,Team INEOS,Team Arkéa Samsic,260,165
2020,DOWSETT Alex,Team Katusha Alpecin,Israel Start-Up Nation,206,192
2020,VAKOČ Petr,Deceuninck - Quick Step,Alpecin-Fenix,105,135
2020,POLITT Nils,Team Katusha Alpecin,Israel Start-Up Nation,724,99
2020,CAMPENAERTS Victor,Lotto Soudal,NTT Pro Cycling,414,254
2020,VILLELLA Davide,Astana Pro Team,Movistar Team,298,91
2020,MASNADA Fausto,CCC Team,Deceuninck - Quick Step,596,427
2020,MASNADA Fausto,Androni Giocattoli - Sidermec,CCC Team,596,427
2020,ALMEIDA João,Hagens Berman Axeon,Deceuninck - Quick Step,117,873
2020,HOFSTETTER Hugo,Cofidis, Solutions Crédits,494,324
2020,SUTHERLAND Rory,UAE-Team Emirates,Israel Start-Up Nation,41,30
2020,ZEITS Andrey,Astana Pro Team,Mitchelton-Scott,144,36
2020,LAMMERTINK Maurits,Roompot - Charles,Circus - Wanty Gobert,229,115
2020,WALSCHEID Max,Team Sunweb,NTT Pro Cycling,439,241
2020,PELUCCHI Matteo,Androni Giocattoli - Sidermec,Bardiani-CSF-Faizanè,256,37
2020,GUERREIRO Ruben,Team Katusha Alpecin,EF Pro Cycling,403,262
2020,VENDRAME Andrea,Androni Giocattoli - Sidermec,AG2R La Mondiale,639,418
2020,BUTS Vitaliy,Kyiv Capital Team,Shenzhen Xidesheng Cycling Team,92,36
2020,MCLAY Daniel,EF Education First,Team Arkéa Samsic,108,141
2020,ZOIDL Riccardo,CCC Team,Team Felbermayr - Simplon Wels,117,20
2020,VALLS Rafael,Movistar Team,Bahrain - McLaren,90,24
2020,ELISSONDE Kenny,Team INEOS,Trek - Segafredo,98,210
2020,SABATINI Fabio,Deceuninck - Quick Step,Cofidis,71,18
2020,BALLERINI Davide,Astana Pro Team,Deceuninck - Quick Step,282,334
2020,CONSONNI Simone,UAE-Team Emirates,Cofidis,367,176
2020,ȚVETCOV Serghei,Floyd's Pro Cycling,Team Sapura Cycling,192,61
2020,BOUDAT Thomas,Team Total Direct Energie,Team Arkéa Samsic,395,57
2020,DE BIE Sean,Roompot - Charles,Bingoal - Wallonie Bruxelles,2,58
2020,DOMBROWSKI Joe,EF Education First,UAE-Team Emirates,344,20
2020,VAN POPPEL Boy,Roompot - Charles,Circus - Wanty Gobert,236,8
2020,KUZNETSOV Viacheslav,Team Katusha Alpecin,Gazprom - RusVelo,90,42
2020,ARANBURU Alex,Caja Rural - Seguros RGA,Astana Pro Team,354,320
2020,VERMOTE Julien,Team Dimension Data,Cofidis,73,42
2020,ANACONA Winner,Movistar Team,Team Arkéa Samsic,258,80
2020,VERMELTFOORT Coen,Alecto Cycling Team,VolkerWessels-Merckx,79,13
2020,FERNÁNDEZ Rubén,Movistar Team,Fundación - Orbea,75,137
2020,HIRT Jan,Astana Pro Team,CCC Team,354,79
2020,HALVORSEN Kristoffer,Team INEOS,EF Pro Cycling,483,68
2020,HALLER Marco,Team Katusha Alpecin,Bahrain - McLaren,274,126
2020,MANZIN Lorrenzo,Vital Concept - B&B Hotels,Team Total Direct Energie,277,104
2021,REBELLIN Davide,Meridiana Kamen Team,Work Service Marchiol Vega,20,43
2021,VAN AVERMAET Greg,CCC Team,AG2R Citroën Team,561,528
2021,CAVENDISH Mark,Bahrain - McLaren,Deceuninck - Quick Step,13,941
2021,BOASSON HAGEN Edvald,NTT Pro Cycling,Team Total Direct Energie,164,34
2021,PORTE Richie,Trek - Segafredo,INEOS Grenadiers,1133,772
2021,MATTHEWS Michael,Team Sunweb,Team BikeExchange,656,684
2021,VISCONTI Giovanni,Vini Zabù - KTM,Bardiani-CSF-Faizanè,149,55
2021,BARDET Romain,AG2R La Mondiale,Team DSM,328,442
2021,KREUZIGER Roman,NTT Pro Cycling,Gazprom - RusVelo,58,20
2021,MAJKA Rafał,BORA - hansgrohe,UAE-Team Emirates,692,168
2021,KELDERMAN Wilco,Team Sunweb,BORA - hansgrohe,911,819
2021,YATES Adam,Mitchelton-Scott,INEOS Grenadiers,618,793
2021,TRENTIN Matteo,CCC Team,UAE-Team Emirates,434,422
2021,ARU Fabio,UAE-Team Emirates,Team Qhubeka ASSOS,107,149
2021,GAVAZZI Francesco,Androni Giocattoli - Sidermec,EOLO-Kometa,24,85
2021,VANMARCKE Sep,EF Pro Cycling,Israel Start-Up Nation,63,337
2021,IMPEY Daryl,Mitchelton-Scott,Israel Start-Up Nation,368,184
2021,LÓPEZ Miguel Ángel,Astana Pro Team,Movistar Team,720,413
2021,ZAKARIN Ilnur,CCC Team,Gazprom - RusVelo,207,91
2021,JUNGELS Bob,Deceuninck - Quick Step,AG2R Citroën Team,134,37
2021,WOODS Michael,EF Pro Cycling,Israel Start-Up Nation,639,963
2021,CLARKE Simon,EF Pro Cycling,Team Qhubeka ASSOS,294,157
2021,KANGERT Tanel,EF Pro Cycling,Team BikeExchange,296,162
2021,HIVERT Jonathan,Team Total Direct Energie,B&B Hotels p/b KTM,54,49
2021,DUPONT Timothy,Circus - Wanty Gobert,Bingoal - Wallonie Bruxelles,126,247
2021,BELLETTI Manuel,Androni Giocattoli - Sidermec,EOLO-Kometa,63,16
2021,PLANCKAERT Baptiste,Bingoal - Wallonie Bruxelles,Intermarché - Wanty - Gobert Matériaux,76,98
2021,NAVARRO Daniel,Israel Start-Up Nation,Burgos-BH,61,62
2021,GESCHKE Simon,CCC Team,Cofidis,482,77
2021,VUILLERMOZ Alexis,AG2R La Mondiale,Team Total Direct Energie,52,94
2021,MEINTJES Louis,NTT Pro Cycling,Intermarché - Wanty - Gobert Matériaux,167,255
2021,LATOUR Pierre,AG2R La Mondiale,Team Total Direct Energie,45,282
2021,HAIG Jack,Mitchelton-Scott,Bahrain - Victorious,368,393
2021,PATERSKI Maciej,Wibatech Merx 7R,Voster ATS Team,79,76
2021,PHILIPSEN Jasper,UAE-Team Emirates,Alpecin-Fenix,636,814
2021,DILLIER Silvan,AG2R La Mondiale,Alpecin-Fenix,83,81
2021,EL FARES Julien,NIPPO DELKO One Provence,EF Education - Nippo,29,38
2021,VAN STAEYEN Michael,Tarteletto - Isorex,EvoPro Racing,42,21
2021,CALMEJANE Lilian,Team Total Direct Energie,AG2R Citroën Team,90,23
2021,MARECZKO Jakub,CCC Team,Vini Zabù,140,66
2021,MARTÍNEZ Daniel Felipe,EF Pro Cycling,INEOS Grenadiers,664,324
2021,BATTAGLIN Enrico,Bahrain - McLaren,Bardiani-CSF-Faizanè,149,98
2021,OOMEN Sam,Team Sunweb,Team Jumbo-Visma,160,126
2021,DE MARCHI Alessandro,CCC Team,Israel Start-Up Nation,142,119
2021,POLITT Nils,Israel Start-Up Nation,BORA - hansgrohe,99,363
2021,SARREAU Marc,Groupama - FDJ,AG2R Citroën Team,77,237
2021,MEURISSE Xandro,Circus - Wanty Gobert,Alpecin-Fenix,224,120
2021,WALLAYS Jelle,Lotto Soudal,Cofidis,18,57
2021,SCHÄR Michael,CCC Team,AG2R Citroën Team,56,87
2021,CLAEYS Dimitri,Cofidis, Solutions Crédits,123,140
2021,HIRSCHI Marc,Team DSM,UAE-Team Emirates,891,202
2021,LEMOINE Cyril,Cofidis, Solutions Crédits,38,57
2021,PELUCCHI Matteo,Bardiani-CSF-Faizanè,Team Qhubeka ASSOS,37,6
2021,MATÉ Luis Ángel,Cofidis, Solutions Crédits,72,80
2021,BEVIN Patrick,CCC Team,Israel Start-Up Nation,41,115
2021,BUTS Vitaliy,Shenzhen Xidesheng Cycling Team,Salcano Sakarya BB Team,36,20
2021,KONONENKO Mykhaylo,Shenzhen Xidesheng Cycling Team,Salcano Sakarya BB Team,83,43
2021,SEPÚLVEDA Eduardo,Movistar Team,Androni Giocattoli - Sidermec,45,161
2021,DE LA PARTE Víctor,CCC Team,Team Total Direct Energie,175,116
2021,MÜHLBERGER Gregor,BORA - hansgrohe,Movistar Team,279,29
2021,CAPIOT Amaury,Sport Vlaanderen - Baloise,Team Arkéa Samsic,347,119
2021,JANSEN Amund Grøndahl,Team Jumbo-Visma,Team BikeExchange,38,37
2021,RÄIM Mihkel,Israel Start-Up Nation,HRE Mazowsze Serce Polski,80,179
2021,GIBBONS Ryan,NTT Pro Cycling,UAE-Team Emirates,99,314
2021,FERNÁNDEZ Rubén,Euskaltel - Euskadi,Cofidis,137,139
2021,ROSSKOPF Joey,CCC Team,Rally Cycling,161,44
2021,ARMÉE Sander,Lotto Soudal,Team Qhubeka ASSOS,140,33
2021,HIRT Jan,CCC Team,Intermarché - Wanty - Gobert Matériaux,79,60
2021,HALVORSEN Kristoffer,EF Pro Cycling,Uno-X Pro Cycling Team,68,268
2021,GARCÍA CORTINA Iván,Bahrain - McLaren,Movistar Team,202,193
2021,LINDEMAN Bert-Jan,Team Jumbo-Visma,Team Qhubeka ASSOS,57,44
2021,DE PLUS Laurens,Team Jumbo-Visma,INEOS Grenadiers,5,27
2021,ROSSETTO Stéphane,Cofidis, Solutions Crédits,29,6
2021,ČERNÝ Josef,CCC Team,Deceuninck - Quick Step,361,71
2021,VAN DER HOORN Taco,Team Jumbo-Visma,Intermarché - Wanty - Gobert Matériaux,49,147
2021,BRANDÃO Joni,Efapel,W52 / FC Porto,68,57
2021,POWER Robert,Team Sunweb,Team Qhubeka ASSOS,106,52
2021,LIETAER Eliot,Bingoal - Wallonie Bruxelles,B&B Hotels p/b KTM,82,58
